;#;Name;Type 1;Type 2;HP;Attack;Defense;Sp. Atk;Sp. Def;Speed;Generation;Legendary;Count
0;1;bulbasaur;Grass;Poison;45;49;49;65;65;45;1;False;5
1;2;ivysaur;Grass;Poison;60;62;63;80;80;60;1;False;7
2;3;venusaur;Grass;Poison;80;82;83;100;100;80;1;False;5
3;3;venusaurmega venusaur;Grass;Poison;80;100;123;122;120;80;1;False;4
4;4;charmander;Fire;;39;52;43;60;50;65;1;False;12
5;5;charmeleon;Fire;;58;64;58;80;65;80;1;False;23
6;6;charizard;Fire;Flying;78;84;78;109;85;100;1;False;1
7;6;charizardmega charizard x;Fire;Dragon;78;130;111;130;85;100;1;False;4
8;6;charizardmega charizard y;Fire;Flying;78;104;78;159;115;100;1;False;24
9;7;squirtle;Water;;44;48;65;50;64;43;1;False;5
10;8;wartortle;Water;;59;63;80;65;80;58;1;False;5
11;9;blastoise;Water;;79;83;100;85;105;78;1;False;2
12;9;blastoisemega blastoise;Water;;79;103;120;135;115;78;1;False;4
13;10;caterpie;Bug;;45;30;35;20;20;45;1;False;0
14;11;metapod;Bug;;50;20;55;25;25;30;1;False;5
15;12;butterfree;Bug;Flying;60;45;50;90;80;70;1;False;2
16;13;weedle;Bug;Poison;40;35;30;20;20;50;1;False;1
17;14;kakuna;Bug;Poison;45;25;50;25;25;35;1;False;1
18;15;beedrill;Bug;Poison;65;90;40;45;80;75;1;False;5
19;15;beedrillmega beedrill;Bug;Poison;65;150;40;15;80;145;1;False;7
20;16;pidgey;Normal;Flying;40;45;40;35;35;56;1;False;2
21;17;pidgeotto;Normal;Flying;63;60;55;50;50;71;1;False;25
22;18;pidgeot;Normal;Flying;83;80;75;70;70;101;1;False;13
23;18;pidgeotmega pidgeot;Normal;Flying;83;80;80;135;80;121;1;False;0
24;19;rattata;Normal;;30;56;35;25;35;72;1;False;8
25;20;raticate;Normal;;55;81;60;50;70;97;1;False;3
26;21;spearow;Normal;Flying;40;60;30;31;31;70;1;False;4
27;22;fearow;Normal;Flying;65;90;65;61;61;100;1;False;3
28;23;ekans;Poison;;35;60;44;40;54;55;1;False;6
29;24;arbok;Poison;;60;85;69;65;79;80;1;False;8
30;25;pikachu;Electric;;35;55;40;50;50;90;1;False;5
31;26;raichu;Electric;;60;90;55;90;80;110;1;False;2
32;27;sandshrew;Ground;;50;75;85;20;30;40;1;False;4
33;28;sandslash;Ground;;75;100;110;45;55;65;1;False;0
34;29;nidoran-f;Poison;;55;47;52;40;40;41;1;False;2
35;30;nidorina;Poison;;70;62;67;55;55;56;1;False;5
36;31;nidoqueen;Poison;Ground;90;92;87;75;85;76;1;False;5
37;32;nidoran-m;Poison;;46;57;40;40;40;50;1;False;5
38;33;nidorino;Poison;;61;72;57;55;55;65;1;False;2
39;34;nidoking;Poison;Ground;81;102;77;85;75;85;1;False;5
40;35;clefairy;Fairy;;70;45;48;60;65;35;1;False;2
41;36;clefable;Fairy;;95;70;73;95;90;60;1;False;2
42;37;vulpix;Fire;;38;41;40;50;65;65;1;False;1
43;38;ninetales;Fire;;73;76;75;81;100;100;1;False;4
44;39;jigglypuff;Normal;Fairy;115;45;20;45;25;20;1;False;5
45;40;wigglytuff;Normal;Fairy;140;70;45;85;50;45;1;False;6
46;41;zubat;Poison;Flying;40;45;35;30;40;55;1;False;6
47;42;golbat;Poison;Flying;75;80;70;65;75;90;1;False;3
48;43;oddish;Grass;Poison;45;50;55;75;65;30;1;False;54
49;44;gloom;Grass;Poison;60;65;70;85;75;40;1;False;42
50;45;vileplume;Grass;Poison;75;80;85;110;90;50;1;False;0
51;46;paras;Bug;Grass;35;70;55;45;55;25;1;False;2
52;47;parasect;Bug;Grass;60;95;80;60;80;30;1;False;4
53;48;venonat;Bug;Poison;60;55;50;40;55;45;1;False;4
54;49;venomoth;Bug;Poison;70;65;60;90;75;90;1;False;65
55;50;diglett;Ground;;10;55;25;35;45;95;1;False;3
56;51;dugtrio;Ground;;35;80;50;50;70;120;1;False;0
57;52;meowth;Normal;;40;45;35;40;40;90;1;False;8
58;53;persian;Normal;;65;70;60;65;65;115;1;False;6
59;54;psyduck;Water;;50;52;48;65;50;55;1;False;4
60;55;golduck;Water;;80;82;78;95;80;85;1;False;2
61;56;mankey;Fighting;;40;80;35;35;45;70;1;False;2
62;57;primeape;Fighting;;65;105;60;60;70;95;1;False;3
63;58;growlithe;Fire;;55;70;45;70;50;60;1;False;40
64;59;arcanine;Fire;;90;110;80;100;80;95;1;False;14
65;60;poliwag;Water;;40;50;40;40;40;90;1;False;45
66;61;poliwhirl;Water;;65;65;65;50;50;90;1;False;74
67;62;poliwrath;Water;Fighting;90;95;95;70;90;70;1;False;2
68;63;abra;Psychic;;25;20;15;105;55;90;1;False;2
69;64;kadabra;Psychic;;40;35;30;120;70;105;1;False;3
70;65;alakazam;Psychic;;55;50;45;135;95;120;1;False;6
71;65;alakazammega alakazam;Psychic;;55;50;65;175;95;150;1;False;11
72;66;machop;Fighting;;70;80;50;35;35;35;1;False;21
73;67;machoke;Fighting;;80;100;70;50;60;45;1;False;69
74;68;machamp;Fighting;;90;130;80;65;85;55;1;False;6
75;69;bellsprout;Grass;Poison;50;75;35;70;30;40;1;False;5
76;70;weepinbell;Grass;Poison;65;90;50;85;45;55;1;False;4
77;71;victreebel;Grass;Poison;80;105;65;100;70;70;1;False;42
78;72;tentacool;Water;Poison;40;40;35;50;100;70;1;False;2
79;73;tentacruel;Water;Poison;80;70;65;80;120;100;1;False;3
80;74;geodude;Rock;Ground;40;80;100;30;30;20;1;False;5
81;75;graveler;Rock;Ground;55;95;115;45;45;35;1;False;65
82;76;golem;Rock;Ground;80;120;130;55;65;45;1;False;6
83;77;ponyta;Fire;;50;85;55;65;65;90;1;False;9
84;78;rapidash;Fire;;65;100;70;80;80;105;1;False;5
85;79;slowpoke;Water;Psychic;90;65;65;40;40;15;1;False;
86;80;slowbro;Water;Psychic;95;75;110;100;80;30;1;False;1
87;80;slowbromega slowbro;Water;Psychic;95;75;180;130;80;30;1;False;2
88;81;magnemite;Electric;Steel;25;35;70;95;55;45;1;False;2
89;82;magneton;Electric;Steel;50;60;95;120;70;70;1;False;3
90;83;farfetchd;Normal;Flying;52;65;55;58;62;60;1;False;5
91;84;doduo;Normal;Flying;35;85;45;35;35;75;1;False;5
92;85;dodrio;Normal;Flying;60;110;70;60;60;100;1;False;6
93;86;seel;Water;;65;45;55;45;70;45;1;False;3
94;87;dewgong;Water;Ice;90;70;80;70;95;70;1;False;8
95;88;grimer;Poison;;80;80;50;40;50;25;1;False;8
96;89;muk;Poison;;105;105;75;65;100;50;1;False;4
97;90;shellder;Water;;30;65;100;45;25;40;1;False;5
98;91;cloyster;Water;Ice;50;95;180;85;45;70;1;False;3
99;92;gastly;Ghost;Poison;30;35;30;100;35;80;1;False;56
100;93;haunter;Ghost;Poison;45;50;45;115;55;95;1;False;8
101;94;gengar;Ghost;Poison;60;65;60;130;75;110;1;False;4
102;94;gengarmega gengar;Ghost;Poison;60;65;80;170;95;130;1;False;2
103;95;onix;Rock;Ground;35;45;160;30;45;70;1;False;36
104;96;drowzee;Psychic;;60;48;45;43;90;42;1;False;6
105;97;hypno;Psychic;;85;73;70;73;115;67;1;False;8
106;98;krabby;Water;;30;105;90;25;25;50;1;False;4
107;99;kingler;Water;;55;130;115;50;50;75;1;False;2
108;100;voltorb;Electric;;40;30;50;55;55;100;1;False;65
109;101;electrode;Electric;;60;50;70;80;80;140;1;False;56
110;102;exeggcute;Grass;Psychic;60;40;80;60;45;40;1;False;5
111;103;exeggutor;Grass;Psychic;95;95;85;125;65;55;1;False;74
112;104;cubone;Ground;;50;50;95;40;50;35;1;False;5
113;105;marowak;Ground;;60;80;110;50;80;45;1;False;52
114;106;hitmonlee;Fighting;;50;120;53;35;110;87;1;False;5
115;107;hitmonchan;Fighting;;50;105;79;35;110;76;1;False;22
116;108;lickitung;Normal;;90;55;75;60;75;30;1;False;58
117;109;koffing;Poison;;40;65;95;60;45;35;1;False;5
118;110;weezing;Poison;;65;90;120;85;70;60;1;False;21
119;111;rhyhorn;Ground;Rock;80;85;95;30;30;25;1;False;23
120;112;rhydon;Ground;Rock;105;130;120;45;45;40;1;False;6
121;113;chansey;Normal;;250;5;5;35;105;50;1;False;6
122;114;tangela;Grass;;65;55;115;100;40;60;1;False;8
123;115;kangaskhan;Normal;;105;95;80;40;80;90;1;False;4
124;115;kangaskhanmega kangaskhan;Normal;;105;125;100;60;100;100;1;False;1
125;116;horsea;Water;;30;40;70;70;25;60;1;False;2
126;117;seadra;Water;;55;65;95;95;45;85;1;False;3
127;118;goldeen;Water;;45;67;60;35;50;63;1;False;5
128;119;seaking;Water;;80;92;65;65;80;68;1;False;8
129;120;staryu;Water;;30;45;55;70;55;85;1;False;6
130;121;starmie;Water;Psychic;60;75;85;100;85;115;1;False;2
131;122;mr-mime;Psychic;Fairy;40;45;65;100;120;90;1;False;6
132;123;scyther;Bug;Flying;70;110;80;55;80;105;1;False;7
133;124;jynx;Ice;Psychic;65;50;35;115;95;95;1;False;1
134;125;electabuzz;Electric;;65;83;57;95;85;105;1;False;1
135;126;magmar;Fire;;65;95;57;100;85;93;1;False;6
136;127;pinsir;Bug;;65;125;100;55;70;85;1;False;6
137;127;pinsirmega pinsir;Bug;Flying;65;155;120;65;90;105;1;False;5
138;128;tauros;Normal;;75;100;95;40;70;110;1;False;9
139;129;magikarp;Water;;20;10;55;15;20;80;1;False;9
140;130;gyarados;Water;Flying;95;125;79;60;100;81;1;False;7
141;130;gyaradosmega gyarados;Water;Dark;95;155;109;70;130;81;1;False;4
142;131;lapras;Water;Ice;130;85;80;85;95;60;1;False;2
143;132;ditto;Normal;;48;48;48;48;48;48;1;False;0
144;133;eevee;Normal;;55;55;50;45;65;55;1;False;4
145;134;vaporeon;Water;;130;65;60;110;95;65;1;False;4
146;135;jolteon;Electric;;65;65;60;110;95;130;1;False;5
147;136;flareon;Fire;;65;130;60;95;110;65;1;False;7
148;137;porygon;Normal;;65;60;70;85;75;40;1;False;5
149;138;omanyte;Rock;Water;35;40;100;90;55;35;1;False;4
150;139;omastar;Rock;Water;70;60;125;115;70;55;1;False;12
151;140;kabuto;Rock;Water;30;80;90;55;45;55;1;False;23
152;141;kabutops;Rock;Water;60;115;105;65;70;80;1;False;1
153;142;aerodactyl;Rock;Flying;80;105;65;60;75;130;1;False;4
154;142;aerodactylmega aerodactyl;Rock;Flying;80;135;85;70;95;150;1;False;24
155;143;snorlax;Normal;;160;110;65;65;110;30;1;False;5
156;144;articuno;Ice;Flying;90;85;100;95;125;85;1;True;5
157;145;zapdos;Electric;Flying;90;90;85;125;90;100;1;True;2
158;146;moltres;Fire;Flying;90;100;90;125;85;90;1;True;4
159;147;dratini;Dragon;;41;64;45;50;50;50;1;False;0
160;148;dragonair;Dragon;;61;84;65;70;70;70;1;False;5
161;149;dragonite;Dragon;Flying;91;134;95;100;100;80;1;False;2
162;150;mewtwo;Psychic;;106;110;90;154;90;130;1;True;1
163;150;mewtwomega mewtwo x;Psychic;Fighting;106;190;100;154;100;130;1;True;1
164;150;mewtwomega mewtwo y;Psychic;;106;150;70;194;120;140;1;True;5
165;151;mew;Psychic;;100;100;100;100;100;100;1;False;7
166;152;chikorita;Grass;;45;49;65;49;65;45;2;False;2
167;153;bayleef;Grass;;60;62;80;63;80;60;2;False;25
168;154;meganium;Grass;;80;82;100;83;100;80;2;False;13
169;155;cyndaquil;Fire;;39;52;43;60;50;65;2;False;0
170;156;quilava;Fire;;58;64;58;80;65;80;2;False;8
171;157;typhlosion;Fire;;78;84;78;109;85;100;2;False;3
172;158;totodile;Water;;50;65;64;44;48;43;2;False;4
173;159;croconaw;Water;;65;80;80;59;63;58;2;False;3
174;160;feraligatr;Water;;85;105;100;79;83;78;2;False;6
175;161;sentret;Normal;;35;46;34;35;45;20;2;False;8
176;162;furret;Normal;;85;76;64;45;55;90;2;False;5
177;163;hoothoot;Normal;Flying;60;30;30;36;56;50;2;False;2
178;164;noctowl;Normal;Flying;100;50;50;76;96;70;2;False;4
179;165;ledyba;Bug;Flying;40;20;30;40;80;55;2;False;0
180;166;ledian;Bug;Flying;55;35;50;55;110;85;2;False;2
181;167;spinarak;Bug;Poison;40;60;40;40;40;30;2;False;5
182;168;ariados;Bug;Poison;70;90;70;60;60;40;2;False;5
183;169;crobat;Poison;Flying;85;90;80;70;80;130;2;False;5
184;170;chinchou;Water;Electric;75;38;38;56;56;67;2;False;2
185;171;lanturn;Water;Electric;125;58;58;76;76;67;2;False;5
186;172;pichu;Electric;;20;40;15;35;35;60;2;False;2
187;173;cleffa;Fairy;;50;25;28;45;55;15;2;False;2
188;174;igglybuff;Normal;Fairy;90;30;15;40;20;15;2;False;1
189;175;togepi;Fairy;;35;20;65;40;65;20;2;False;4
190;176;togetic;Fairy;Flying;55;40;85;80;105;40;2;False;5
191;177;natu;Psychic;Flying;40;50;45;70;45;70;2;False;6
192;178;xatu;Psychic;Flying;65;75;70;95;70;95;2;False;6
193;179;mareep;Electric;;55;40;40;65;45;35;2;False;3
194;180;flaaffy;Electric;;70;55;55;80;60;45;2;False;54
195;181;ampharos;Electric;;90;75;85;115;90;55;2;False;42
196;181;ampharosmega ampharos;Electric;Dragon;90;95;105;165;110;45;2;False;0
197;182;bellossom;Grass;;75;80;95;90;100;50;2;False;2
198;183;marill;Water;Fairy;70;20;50;20;50;40;2;False;4
199;184;azumarill;Water;Fairy;100;50;80;60;80;50;2;False;4
200;185;sudowoodo;Rock;;70;100;115;30;65;30;2;False;65
201;186;politoed;Water;;90;75;75;90;100;70;2;False;3
202;187;hoppip;Grass;Flying;35;35;40;35;55;50;2;False;0
203;188;skiploom;Grass;Flying;55;45;50;45;65;80;2;False;8
204;189;jumpluff;Grass;Flying;75;55;70;55;95;110;2;False;6
205;190;aipom;Normal;;55;70;55;40;55;85;2;False;4
206;191;sunkern;Grass;;30;30;30;30;30;30;2;False;2
207;192;sunflora;Grass;;75;75;55;105;85;30;2;False;2
208;193;yanma;Bug;Flying;65;65;45;75;45;95;2;False;3
209;194;wooper;Water;Ground;55;45;45;25;25;15;2;False;40
210;195;quagsire;Water;Ground;95;85;85;65;65;35;2;False;14
211;196;espeon;Psychic;;65;65;60;130;95;110;2;False;45
212;197;umbreon;Dark;;95;65;110;60;130;65;2;False;74
213;198;murkrow;Dark;Flying;60;85;42;85;42;91;2;False;2
214;199;slowking;Water;Psychic;95;75;80;100;110;30;2;False;2
215;200;misdreavus;Ghost;;60;60;60;85;85;85;2;False;3
216;201;unown;Psychic;;48;72;48;72;48;48;2;False;6
217;202;wobbuffet;Psychic;;190;33;58;33;58;33;2;False;11
218;203;girafarig;Normal;Psychic;70;80;65;90;65;85;2;False;21
219;204;pineco;Bug;;50;65;90;35;35;15;2;False;69
220;205;forretress;Bug;Steel;75;90;140;60;60;40;2;False;6
221;206;dunsparce;Normal;;100;70;70;65;65;45;2;False;5
222;207;gligar;Ground;Flying;65;75;105;35;65;85;2;False;4
223;208;steelix;Steel;Ground;75;85;200;55;65;30;2;False;42
224;208;steelixmega steelix;Steel;Ground;75;125;230;55;95;30;2;False;2
225;209;snubbull;Fairy;;60;80;50;40;40;30;2;False;3
226;210;granbull;Fairy;;90;120;75;60;60;45;2;False;5
227;211;qwilfish;Water;Poison;65;95;75;55;55;85;2;False;65
228;212;scizor;Bug;Steel;70;130;100;55;80;65;2;False;6
229;212;scizormega scizor;Bug;Steel;70;150;140;65;100;75;2;False;9
230;213;shuckle;Bug;Rock;20;10;230;10;230;5;2;False;5
231;214;heracross;Bug;Fighting;80;125;75;40;95;85;2;False;
232;214;heracrossmega heracross;Bug;Fighting;80;185;115;40;105;75;2;False;1
233;215;sneasel;Dark;Ice;55;95;55;35;75;115;2;False;2
234;216;teddiursa;Normal;;60;80;50;50;50;40;2;False;2
235;217;ursaring;Normal;;90;130;75;75;75;55;2;False;3
236;218;slugma;Fire;;40;40;40;70;40;20;2;False;5
237;219;magcargo;Fire;Rock;50;50;120;80;80;30;2;False;5
238;220;swinub;Ice;Ground;50;50;40;30;30;50;2;False;6
239;221;piloswine;Ice;Ground;100;100;80;60;60;50;2;False;3
240;222;corsola;Water;Rock;55;55;85;65;85;35;2;False;8
241;223;remoraid;Water;;35;65;35;65;35;65;2;False;8
242;224;octillery;Water;;75;105;75;105;75;45;2;False;4
243;225;delibird;Ice;Flying;45;55;45;65;45;75;2;False;5
244;226;mantine;Water;Flying;65;40;70;80;140;70;2;False;3
245;227;skarmory;Steel;Flying;65;80;140;40;70;70;2;False;56
246;228;houndour;Dark;Fire;45;60;30;80;50;65;2;False;8
247;229;houndoom;Dark;Fire;75;90;50;110;80;95;2;False;4
248;229;houndoommega houndoom;Dark;Fire;75;90;90;140;90;115;2;False;2
249;230;kingdra;Water;Dragon;75;95;95;95;95;85;2;False;36
250;231;phanpy;Ground;;90;60;60;40;40;40;2;False;6
251;232;donphan;Ground;;90;120;120;60;60;50;2;False;8
252;233;porygon2;Normal;;85;80;90;105;95;60;2;False;4
253;234;stantler;Normal;;73;95;62;85;65;85;2;False;2
254;235;smeargle;Normal;;55;20;35;20;45;75;2;False;65
255;236;tyrogue;Fighting;;35;35;35;35;35;35;2;False;56
256;237;hitmontop;Fighting;;50;95;95;35;110;70;2;False;5
257;238;smoochum;Ice;Psychic;45;30;15;85;65;65;2;False;74
258;239;elekid;Electric;;45;63;37;65;55;95;2;False;5
259;240;magby;Fire;;45;75;37;70;55;83;2;False;52
260;241;miltank;Normal;;95;80;105;40;70;100;2;False;5
261;242;blissey;Normal;;255;10;10;75;135;55;2;False;22
262;243;raikou;Electric;;90;85;75;115;100;115;2;True;58
263;244;entei;Fire;;115;115;85;90;75;100;2;True;5
264;245;suicune;Water;;100;75;115;90;115;85;2;True;21
265;246;larvitar;Rock;Ground;50;64;50;45;50;41;2;False;23
266;247;pupitar;Rock;Ground;70;84;70;65;70;51;2;False;6
267;248;tyranitar;Rock;Dark;100;134;110;95;100;61;2;False;6
268;248;tyranitarmega tyranitar;Rock;Dark;100;164;150;95;120;71;2;False;8
269;249;lugia;Psychic;Flying;106;90;130;90;154;110;2;True;4
270;250;ho-oh;Fire;Flying;106;130;90;110;154;90;2;True;1
271;251;celebi;Psychic;Grass;100;100;100;100;100;100;2;False;2
272;252;treecko;Grass;;40;45;35;65;55;70;3;False;3
273;253;grovyle;Grass;;50;65;45;85;65;95;3;False;5
274;254;sceptile;Grass;;70;85;65;105;85;120;3;False;8
275;254;sceptilemega sceptile;Grass;Dragon;70;110;75;145;85;145;3;False;6
276;255;torchic;Fire;;45;60;40;70;50;45;3;False;2
277;256;combusken;Fire;Fighting;60;85;60;85;60;55;3;False;6
278;257;blaziken;Fire;Fighting;80;120;70;110;70;80;3;False;7
279;257;blazikenmega blaziken;Fire;Fighting;80;160;80;130;80;100;3;False;1
280;258;mudkip;Water;;50;70;50;50;50;40;3;False;1
281;259;marshtomp;Water;Ground;70;85;70;60;70;50;3;False;6
282;260;swampert;Water;Ground;100;110;90;85;90;60;3;False;6
283;260;swampertmega swampert;Water;Ground;100;150;110;95;110;70;3;False;5
284;261;poochyena;Dark;;35;55;35;30;30;35;3;False;9
285;262;mightyena;Dark;;70;90;70;60;60;70;3;False;9
286;263;zigzagoon;Normal;;38;30;41;30;41;60;3;False;7
287;264;linoone;Normal;;78;70;61;50;61;100;3;False;4
288;265;wurmple;Bug;;45;45;35;20;30;20;3;False;2
289;266;silcoon;Bug;;50;35;55;25;25;15;3;False;0
290;267;beautifly;Bug;Flying;60;70;50;100;50;65;3;False;4
291;268;cascoon;Bug;;50;35;55;25;25;15;3;False;4
292;269;dustox;Bug;Poison;60;50;70;50;90;65;3;False;5
293;270;lotad;Water;Grass;40;30;30;40;50;30;3;False;7
294;271;lombre;Water;Grass;60;50;50;60;70;50;3;False;5
295;272;ludicolo;Water;Grass;80;70;70;90;100;70;3;False;4
296;273;seedot;Grass;;40;40;50;30;30;30;3;False;12
297;274;nuzleaf;Grass;Dark;70;70;40;60;40;60;3;False;23
298;275;shiftry;Grass;Dark;90;100;60;90;60;80;3;False;1
299;276;taillow;Normal;Flying;40;55;30;30;30;85;3;False;4
300;277;swellow;Normal;Flying;60;85;60;50;50;125;3;False;24
301;278;wingull;Water;Flying;40;30;30;55;30;85;3;False;5
302;279;pelipper;Water;Flying;60;50;100;85;70;65;3;False;5
303;280;ralts;Psychic;Fairy;28;25;25;45;35;40;3;False;2
304;281;kirlia;Psychic;Fairy;38;35;35;65;55;50;3;False;4
305;282;gardevoir;Psychic;Fairy;68;65;65;125;115;80;3;False;0
306;282;gardevoirmega gardevoir;Psychic;Fairy;68;85;65;165;135;100;3;False;5
307;283;surskit;Bug;Water;40;30;32;50;52;65;3;False;2
308;284;masquerain;Bug;Flying;70;60;62;80;82;60;3;False;1
309;285;shroomish;Grass;;60;40;60;40;60;35;3;False;1
310;286;breloom;Grass;Fighting;60;130;80;60;60;70;3;False;5
311;287;slakoth;Normal;;60;60;60;35;35;30;3;False;7
312;288;vigoroth;Normal;;80;80;80;55;55;90;3;False;2
313;289;slaking;Normal;;150;160;100;95;65;100;3;False;25
314;290;nincada;Bug;Ground;31;45;90;30;30;40;3;False;13
315;291;ninjask;Bug;Flying;61;90;45;50;50;160;3;False;0
316;292;shedinja;Bug;Ghost;1;90;45;30;30;40;3;False;8
317;293;whismur;Normal;;64;51;23;51;23;28;3;False;3
318;294;loudred;Normal;;84;71;43;71;43;48;3;False;4
319;295;exploud;Normal;;104;91;63;91;73;68;3;False;3
320;296;makuhita;Fighting;;72;60;30;20;30;25;3;False;6
321;297;hariyama;Fighting;;144;120;60;40;60;50;3;False;8
322;298;azurill;Normal;Fairy;50;20;40;20;40;20;3;False;5
323;299;nosepass;Rock;;30;45;135;45;90;30;3;False;2
324;300;skitty;Normal;;50;45;45;35;35;50;3;False;4
325;301;delcatty;Normal;;70;65;65;55;55;70;3;False;0
326;302;sableye;Dark;Ghost;50;75;75;65;65;50;3;False;2
327;302;sableyemega sableye;Dark;Ghost;50;85;125;85;115;20;3;False;5
328;303;mawile;Steel;Fairy;50;85;85;55;55;50;3;False;5
329;303;mawilemega mawile;Steel;Fairy;50;105;125;55;95;50;3;False;5
330;304;aron;Steel;Rock;50;70;100;40;40;30;3;False;2
331;305;lairon;Steel;Rock;60;90;140;50;50;40;3;False;5
332;306;aggron;Steel;Rock;70;110;180;60;60;50;3;False;2
333;306;aggronmega aggron;Steel;;70;140;230;60;80;50;3;False;2
334;307;meditite;Fighting;Psychic;30;40;55;40;55;60;3;False;1
335;308;medicham;Fighting;Psychic;60;60;75;60;75;80;3;False;4
336;308;medichammega medicham;Fighting;Psychic;60;100;85;80;85;100;3;False;5
337;309;electrike;Electric;;40;45;40;65;40;65;3;False;6
338;310;manectric;Electric;;70;75;60;105;60;105;3;False;6
339;310;manectricmega manectric;Electric;;70;75;80;135;80;135;3;False;3
340;311;plusle;Electric;;60;50;40;85;75;95;3;False;54
341;312;minun;Electric;;60;40;50;75;85;95;3;False;42
342;313;volbeat;Bug;;65;73;55;47;75;85;3;False;0
343;314;illumise;Bug;;65;47;55;73;75;85;3;False;2
344;315;roselia;Grass;Poison;50;60;45;100;80;65;3;False;4
345;316;gulpin;Poison;;70;43;53;43;53;40;3;False;4
346;317;swalot;Poison;;100;73;83;73;83;55;3;False;65
347;318;carvanha;Water;Dark;45;90;20;65;20;65;3;False;3
348;319;sharpedo;Water;Dark;70;120;40;95;40;95;3;False;0
349;319;sharpedomega sharpedo;Water;Dark;70;140;70;110;65;105;3;False;8
350;320;wailmer;Water;;130;70;35;70;35;60;3;False;6
351;321;wailord;Water;;170;90;45;90;45;60;3;False;4
352;322;numel;Fire;Ground;60;60;40;65;45;35;3;False;2
353;323;camerupt;Fire;Ground;70;100;70;105;75;40;3;False;2
354;323;cameruptmega camerupt;Fire;Ground;70;120;100;145;105;20;3;False;3
355;324;torkoal;Fire;;70;85;140;85;70;20;3;False;40
356;325;spoink;Psychic;;60;25;35;70;80;60;3;False;14
357;326;grumpig;Psychic;;80;45;65;90;110;80;3;False;45
358;327;spinda;Normal;;60;60;60;60;60;60;3;False;74
359;328;trapinch;Ground;;45;100;45;45;45;10;3;False;2
360;329;vibrava;Ground;Dragon;50;70;50;50;50;70;3;False;2
361;330;flygon;Ground;Dragon;80;100;80;80;80;100;3;False;3
362;331;cacnea;Grass;;50;85;40;85;40;35;3;False;6
363;332;cacturne;Grass;Dark;70;115;60;115;60;55;3;False;11
364;333;swablu;Normal;Flying;45;40;60;40;75;50;3;False;21
365;334;altaria;Dragon;Flying;75;70;90;70;105;80;3;False;69
366;334;altariamega altaria;Dragon;Fairy;75;110;110;110;105;80;3;False;6
367;335;zangoose;Normal;;73;115;60;60;60;90;3;False;5
368;336;seviper;Poison;;73;100;60;100;60;65;3;False;4
369;337;lunatone;Rock;Psychic;70;55;65;95;85;70;3;False;42
370;338;solrock;Rock;Psychic;70;95;85;55;65;70;3;False;2
371;339;barboach;Water;Ground;50;48;43;46;41;60;3;False;3
372;340;whiscash;Water;Ground;110;78;73;76;71;60;3;False;5
373;341;corphish;Water;;43;80;65;50;35;35;3;False;65
374;342;crawdaunt;Water;Dark;63;120;85;90;55;55;3;False;6
375;343;baltoy;Ground;Psychic;40;40;55;40;70;55;3;False;9
376;344;claydol;Ground;Psychic;60;70;105;70;120;75;3;False;5
377;345;lileep;Rock;Grass;66;41;77;61;87;23;3;False;
378;346;cradily;Rock;Grass;86;81;97;81;107;43;3;False;1
379;347;anorith;Rock;Bug;45;95;50;40;50;75;3;False;2
380;348;armaldo;Rock;Bug;75;125;100;70;80;45;3;False;2
381;349;feebas;Water;;20;15;20;10;55;80;3;False;3
382;350;milotic;Water;;95;60;79;100;125;81;3;False;5
383;351;castform;Normal;;70;70;70;70;70;70;3;False;5
384;352;kecleon;Normal;;60;90;70;60;120;40;3;False;6
385;353;shuppet;Ghost;;44;75;35;63;33;45;3;False;3
386;354;banette;Ghost;;64;115;65;83;63;65;3;False;8
387;354;banettemega banette;Ghost;;64;165;75;93;83;75;3;False;8
388;355;duskull;Ghost;;20;40;90;30;90;25;3;False;4
389;356;dusclops;Ghost;;40;70;130;60;130;25;3;False;5
390;357;tropius;Grass;Flying;99;68;83;72;87;51;3;False;3
391;358;chimecho;Psychic;;65;50;70;95;80;65;3;False;56
392;359;absol;Dark;;65;130;60;75;60;75;3;False;8
393;359;absolmega absol;Dark;;65;150;60;115;60;115;3;False;4
394;360;wynaut;Psychic;;95;23;48;23;48;23;3;False;2
395;361;snorunt;Ice;;50;50;50;50;50;50;3;False;36
396;362;glalie;Ice;;80;80;80;80;80;80;3;False;6
397;362;glaliemega glalie;Ice;;80;120;80;120;80;100;3;False;8
398;363;spheal;Ice;Water;70;40;50;55;50;25;3;False;4
399;364;sealeo;Ice;Water;90;60;70;75;70;45;3;False;2
400;365;walrein;Ice;Water;110;80;90;95;90;65;3;False;65
401;366;clamperl;Water;;35;64;85;74;55;32;3;False;56
402;367;huntail;Water;;55;104;105;94;75;52;3;False;5
403;368;gorebyss;Water;;55;84;105;114;75;52;3;False;74
404;369;relicanth;Water;Rock;100;90;130;45;65;55;3;False;5
405;370;luvdisc;Water;;43;30;55;40;65;97;3;False;52
406;371;bagon;Dragon;;45;75;60;40;30;50;3;False;5
407;372;shelgon;Dragon;;65;95;100;60;50;50;3;False;22
408;373;salamence;Dragon;Flying;95;135;80;110;80;100;3;False;58
409;373;salamencemega salamence;Dragon;Flying;95;145;130;120;90;120;3;False;5
410;374;beldum;Steel;Psychic;40;55;80;35;60;30;3;False;21
411;375;metang;Steel;Psychic;60;75;100;55;80;50;3;False;23
412;376;metagross;Steel;Psychic;80;135;130;95;90;70;3;False;6
413;376;metagrossmega metagross;Steel;Psychic;80;145;150;105;110;110;3;False;6
414;377;regirock;Rock;;80;100;200;50;100;50;3;True;8
415;378;regice;Ice;;80;50;100;100;200;50;3;True;4
416;379;registeel;Steel;;80;75;150;75;150;50;3;True;1
417;380;latias;Dragon;Psychic;80;80;90;110;130;110;3;True;2
418;380;latiasmega latias;Dragon;Psychic;80;100;120;140;150;110;3;True;3
419;381;latios;Dragon;Psychic;80;90;80;130;110;110;3;True;5
420;381;latiosmega latios;Dragon;Psychic;80;130;100;160;120;110;3;True;8
421;382;kyogre;Water;;100;100;90;150;140;90;3;True;6
422;382;kyogreprimal kyogre;Water;;100;150;90;180;160;90;3;True;2
423;383;groudon;Ground;;100;150;140;100;90;90;3;True;6
424;383;groudonprimal groudon;Ground;Fire;100;180;160;150;90;90;3;True;7
425;384;rayquaza;Dragon;Flying;105;150;90;150;90;95;3;True;1
426;384;rayquazamega rayquaza;Dragon;Flying;105;180;100;180;100;115;3;True;1
427;385;jirachi;Steel;Psychic;100;100;100;100;100;100;3;True;6
428;386;deoxysnormal forme;Psychic;;50;150;50;150;50;150;3;True;6
429;386;deoxysattack forme;Psychic;;50;180;20;180;20;150;3;True;5
430;386;deoxysdefense forme;Psychic;;50;70;160;70;160;90;3;True;9
431;386;deoxysspeed forme;Psychic;;50;95;90;95;90;180;3;True;9
432;387;turtwig;Grass;;55;68;64;45;55;31;4;False;7
433;388;grotle;Grass;;75;89;85;55;65;36;4;False;4
434;389;torterra;Grass;Ground;95;109;105;75;85;56;4;False;2
435;390;chimchar;Fire;;44;58;44;58;44;61;4;False;0
436;391;monferno;Fire;Fighting;64;78;52;78;52;81;4;False;4
437;392;infernape;Fire;Fighting;76;104;71;104;71;108;4;False;4
438;393;piplup;Water;;53;51;53;61;56;40;4;False;5
439;394;prinplup;Water;;64;66;68;81;76;50;4;False;7
440;395;empoleon;Water;Steel;84;86;88;111;101;60;4;False;5
441;396;starly;Normal;Flying;40;55;30;30;30;60;4;False;4
442;397;staravia;Normal;Flying;55;75;50;40;40;80;4;False;12
443;398;staraptor;Normal;Flying;85;120;70;50;60;100;4;False;23
444;399;bidoof;Normal;;59;45;40;35;40;31;4;False;1
445;400;bibarel;Normal;Water;79;85;60;55;60;71;4;False;4
446;401;kricketot;Bug;;37;25;41;25;41;25;4;False;24
447;402;kricketune;Bug;;77;85;51;55;51;65;4;False;5
448;403;shinx;Electric;;45;65;34;40;34;45;4;False;5
449;404;luxio;Electric;;60;85;49;60;49;60;4;False;2
450;405;luxray;Electric;;80;120;79;95;79;70;4;False;4
451;406;budew;Grass;Poison;40;30;35;50;70;55;4;False;0
452;407;roserade;Grass;Poison;60;70;65;125;105;90;4;False;5
453;408;cranidos;Rock;;67;125;40;30;30;58;4;False;2
454;409;rampardos;Rock;;97;165;60;65;50;58;4;False;1
455;410;shieldon;Rock;Steel;30;42;118;42;88;30;4;False;1
456;411;bastiodon;Rock;Steel;60;52;168;47;138;30;4;False;5
457;412;burmy;Bug;;40;29;45;29;45;36;4;False;7
458;413;wormadamplant cloak;Bug;Grass;60;59;85;79;105;36;4;False;2
459;413;wormadamsandy cloak;Bug;Ground;60;79;105;59;85;36;4;False;25
460;413;wormadamtrash cloak;Bug;Steel;60;69;95;69;95;36;4;False;13
461;414;mothim;Bug;Flying;70;94;50;94;50;66;4;False;0
462;415;combee;Bug;Flying;30;30;42;30;42;70;4;False;8
463;416;vespiquen;Bug;Flying;70;80;102;80;102;40;4;False;3
464;417;pachirisu;Electric;;60;45;70;45;90;95;4;False;4
465;418;buizel;Water;;55;65;35;60;30;85;4;False;3
466;419;floatzel;Water;;85;105;55;85;50;115;4;False;6
467;420;cherubi;Grass;;45;35;45;62;53;35;4;False;8
468;421;cherrim;Grass;;70;60;70;87;78;85;4;False;5
469;422;shellos;Water;;76;48;48;57;62;34;4;False;2
470;423;gastrodon;Water;Ground;111;83;68;92;82;39;4;False;4
471;424;ambipom;Normal;;75;100;66;60;66;115;4;False;0
472;425;drifloon;Ghost;Flying;90;50;34;60;44;70;4;False;2
473;426;drifblim;Ghost;Flying;150;80;44;90;54;80;4;False;5
474;427;buneary;Normal;;55;66;44;44;56;85;4;False;5
475;428;lopunny;Normal;;65;76;84;54;96;105;4;False;5
476;428;lopunnymega lopunny;Normal;Fighting;65;136;94;54;96;135;4;False;2
477;429;mismagius;Ghost;;60;60;60;105;105;105;4;False;5
478;430;honchkrow;Dark;Flying;100;125;52;105;52;71;4;False;2
479;431;glameow;Normal;;49;55;42;42;37;85;4;False;2
480;432;purugly;Normal;;71;82;64;64;59;112;4;False;1
481;433;chingling;Psychic;;45;30;50;65;50;45;4;False;4
482;434;stunky;Poison;Dark;63;63;47;41;41;74;4;False;5
483;435;skuntank;Poison;Dark;103;93;67;71;61;84;4;False;6
484;436;bronzor;Steel;Psychic;57;24;86;24;86;23;4;False;6
485;437;bronzong;Steel;Psychic;67;89;116;79;116;33;4;False;3
486;438;bonsly;Rock;;50;80;95;10;45;10;4;False;54
487;439;mime jr.;Psychic;Fairy;20;25;45;70;90;60;4;False;42
488;440;happiny;Normal;;100;5;5;15;65;30;4;False;0
489;441;chatot;Normal;Flying;76;65;45;92;42;91;4;False;2
490;442;spiritomb;Ghost;Dark;50;92;108;92;108;35;4;False;4
491;443;gible;Dragon;Ground;58;70;45;40;45;42;4;False;4
492;444;gabite;Dragon;Ground;68;90;65;50;55;82;4;False;65
493;445;garchomp;Dragon;Ground;108;130;95;80;85;102;4;False;3
494;445;garchompmega garchomp;Dragon;Ground;108;170;115;120;95;92;4;False;0
495;446;munchlax;Normal;;135;85;40;40;85;5;4;False;8
496;447;riolu;Fighting;;40;70;40;35;40;60;4;False;6
497;448;lucario;Fighting;Steel;70;110;70;115;70;90;4;False;4
498;448;lucariomega lucario;Fighting;Steel;70;145;88;140;70;112;4;False;2
499;449;hippopotas;Ground;;68;72;78;38;42;32;4;False;2
500;450;hippowdon;Ground;;108;112;118;68;72;47;4;False;3
501;451;skorupi;Poison;Bug;40;50;90;30;55;65;4;False;40
502;452;drapion;Poison;Dark;70;90;110;60;75;95;4;False;14
503;453;croagunk;Poison;Fighting;48;61;40;61;40;50;4;False;45
504;454;toxicroak;Poison;Fighting;83;106;65;86;65;85;4;False;74
505;455;carnivine;Grass;;74;100;72;90;72;46;4;False;2
506;456;finneon;Water;;49;49;56;49;61;66;4;False;2
507;457;lumineon;Water;;69;69;76;69;86;91;4;False;3
508;458;mantyke;Water;Flying;45;20;50;60;120;50;4;False;6
509;459;snover;Grass;Ice;60;62;50;62;60;40;4;False;11
510;460;abomasnow;Grass;Ice;90;92;75;92;85;60;4;False;21
511;460;abomasnowmega abomasnow;Grass;Ice;90;132;105;132;105;30;4;False;69
512;461;weavile;Dark;Ice;70;120;65;45;85;125;4;False;6
513;462;magnezone;Electric;Steel;70;70;115;130;90;60;4;False;5
514;463;lickilicky;Normal;;110;85;95;80;95;50;4;False;4
515;464;rhyperior;Ground;Rock;115;140;130;55;55;40;4;False;42
516;465;tangrowth;Grass;;100;100;125;110;50;50;4;False;2
517;466;electivire;Electric;;75;123;67;95;85;95;4;False;3
518;467;magmortar;Fire;;75;95;67;125;95;83;4;False;5
519;468;togekiss;Fairy;Flying;85;50;95;120;115;80;4;False;65
520;469;yanmega;Bug;Flying;86;76;86;116;56;95;4;False;6
521;470;leafeon;Grass;;65;110;130;60;65;95;4;False;9
522;471;glaceon;Ice;;65;60;110;130;95;65;4;False;5
523;472;gliscor;Ground;Flying;75;95;125;45;75;95;4;False;
524;473;mamoswine;Ice;Ground;110;130;80;70;60;80;4;False;1
525;474;porygon-z;Normal;;85;80;70;135;75;90;4;False;2
526;475;gallade;Psychic;Fighting;68;125;65;65;115;80;4;False;2
527;475;gallademega gallade;Psychic;Fighting;68;165;95;65;115;110;4;False;3
528;476;probopass;Rock;Steel;60;55;145;75;150;40;4;False;5
529;477;dusknoir;Ghost;;45;100;135;65;135;45;4;False;5
530;478;froslass;Ice;Ghost;70;80;70;80;70;110;4;False;6
531;479;rotom;Electric;Ghost;50;50;77;95;77;91;4;False;3
532;479;rotomheat rotom;Electric;Fire;50;65;107;105;107;86;4;False;8
533;479;rotomwash rotom;Electric;Water;50;65;107;105;107;86;4;False;8
534;479;rotomfrost rotom;Electric;Ice;50;65;107;105;107;86;4;False;4
535;479;rotomfan rotom;Electric;Flying;50;65;107;105;107;86;4;False;5
536;479;rotommow rotom;Electric;Grass;50;65;107;105;107;86;4;False;3
537;480;uxie;Psychic;;75;75;130;75;130;95;4;True;56
538;481;mesprit;Psychic;;80;105;105;105;105;80;4;True;8
539;482;azelf;Psychic;;75;125;70;125;70;115;4;True;4
540;483;dialga;Steel;Dragon;100;120;120;150;100;90;4;True;2
541;484;palkia;Water;Dragon;90;120;100;150;120;100;4;True;36
542;485;heatran;Fire;Steel;91;90;106;130;106;77;4;True;6
543;486;regigigas;Normal;;110;160;110;80;110;100;4;True;8
544;487;giratinaaltered forme;Ghost;Dragon;150;100;120;100;120;90;4;True;4
545;487;giratinaorigin forme;Ghost;Dragon;150;120;100;120;100;90;4;True;2
546;488;cresselia;Psychic;;120;70;120;75;130;85;4;False;65
547;489;phione;Water;;80;80;80;80;80;80;4;False;56
548;490;manaphy;Water;;100;100;100;100;100;100;4;False;5
549;491;darkrai;Dark;;70;90;90;135;90;125;4;True;74
550;492;shayminland forme;Grass;;100;100;100;100;100;100;4;True;5
551;492;shayminsky forme;Grass;Flying;100;103;75;120;75;127;4;True;52
552;493;arceus;Normal;;120;120;120;120;120;120;4;True;5
553;494;victini;Psychic;Fire;100;100;100;100;100;100;5;True;22
554;495;snivy;Grass;;45;45;55;45;55;63;5;False;58
555;496;servine;Grass;;60;60;75;60;75;83;5;False;5
556;497;serperior;Grass;;75;75;95;75;95;113;5;False;21
557;498;tepig;Fire;;65;63;45;45;45;45;5;False;23
558;499;pignite;Fire;Fighting;90;93;55;70;55;55;5;False;6
559;500;emboar;Fire;Fighting;110;123;65;100;65;65;5;False;6
560;501;oshawott;Water;;55;55;45;63;45;45;5;False;8
561;502;dewott;Water;;75;75;60;83;60;60;5;False;4
562;503;samurott;Water;;95;100;85;108;70;70;5;False;1
563;504;patrat;Normal;;45;55;39;35;39;42;5;False;2
564;505;watchog;Normal;;60;85;69;60;69;77;5;False;3
565;506;lillipup;Normal;;45;60;45;25;45;55;5;False;5
566;507;herdier;Normal;;65;80;65;35;65;60;5;False;8
567;508;stoutland;Normal;;85;110;90;45;90;80;5;False;6
568;509;purrloin;Dark;;41;50;37;50;37;66;5;False;2
569;510;liepard;Dark;;64;88;50;88;50;106;5;False;6
570;511;pansage;Grass;;50;53;48;53;48;64;5;False;7
571;512;simisage;Grass;;75;98;63;98;63;101;5;False;1
572;513;pansear;Fire;;50;53;48;53;48;64;5;False;1
573;514;simisear;Fire;;75;98;63;98;63;101;5;False;6
574;515;panpour;Water;;50;53;48;53;48;64;5;False;6
575;516;simipour;Water;;75;98;63;98;63;101;5;False;5
576;517;munna;Psychic;;76;25;45;67;55;24;5;False;9
577;518;musharna;Psychic;;116;55;85;107;95;29;5;False;9
578;519;pidove;Normal;Flying;50;55;50;36;30;43;5;False;7
579;520;tranquill;Normal;Flying;62;77;62;50;42;65;5;False;4
580;521;unfezant;Normal;Flying;80;115;80;65;55;93;5;False;2
581;522;blitzle;Electric;;45;60;32;50;32;76;5;False;0
582;523;zebstrika;Electric;;75;100;63;80;63;116;5;False;4
583;524;roggenrola;Rock;;55;75;85;25;25;15;5;False;4
584;525;boldore;Rock;;70;105;105;50;40;20;5;False;5
585;526;gigalith;Rock;;85;135;130;60;80;25;5;False;7
586;527;woobat;Psychic;Flying;55;45;43;55;43;72;5;False;5
587;528;swoobat;Psychic;Flying;67;57;55;77;55;114;5;False;4
588;529;drilbur;Ground;;60;85;40;30;45;68;5;False;12
589;530;excadrill;Ground;Steel;110;135;60;50;65;88;5;False;23
590;531;audino;Normal;;103;60;86;60;86;50;5;False;1
591;531;audinomega audino;Normal;Fairy;103;60;126;80;126;50;5;False;4
592;532;timburr;Fighting;;75;80;55;25;35;35;5;False;24
593;533;gurdurr;Fighting;;85;105;85;40;50;40;5;False;5
594;534;conkeldurr;Fighting;;105;140;95;55;65;45;5;False;5
595;535;tympole;Water;;50;50;40;50;40;64;5;False;2
596;536;palpitoad;Water;Ground;75;65;55;65;55;69;5;False;4
597;537;seismitoad;Water;Ground;105;95;75;85;75;74;5;False;0
598;538;throh;Fighting;;120;100;85;30;85;45;5;False;5
599;539;sawk;Fighting;;75;125;75;30;75;85;5;False;2
600;540;sewaddle;Bug;Grass;45;53;70;40;60;42;5;False;1
601;541;swadloon;Bug;Grass;55;63;90;50;80;42;5;False;1
602;542;leavanny;Bug;Grass;75;103;80;70;80;92;5;False;5
603;543;venipede;Bug;Poison;30;45;59;30;39;57;5;False;7
604;544;whirlipede;Bug;Poison;40;55;99;40;79;47;5;False;2
605;545;scolipede;Bug;Poison;60;100;89;55;69;112;5;False;25
606;546;cottonee;Grass;Fairy;40;27;60;37;50;66;5;False;13
607;547;whimsicott;Grass;Fairy;60;67;85;77;75;116;5;False;0
608;548;petilil;Grass;;45;35;50;70;50;30;5;False;8
609;549;lilligant;Grass;;70;60;75;110;75;90;5;False;3
610;550;basculin;Water;;70;92;65;80;55;98;5;False;4
611;551;sandile;Ground;Dark;50;72;35;35;35;65;5;False;3
612;552;krokorok;Ground;Dark;60;82;45;45;45;74;5;False;6
613;553;krookodile;Ground;Dark;95;117;80;65;70;92;5;False;8
614;554;darumaka;Fire;;70;90;45;15;45;50;5;False;5
615;555;darmanitanstandard mode;Fire;;105;140;55;30;55;95;5;False;2
616;555;darmanitanzen mode;Fire;Psychic;105;30;105;140;105;55;5;False;4
617;556;maractus;Grass;;75;86;67;106;67;60;5;False;0
618;557;dwebble;Bug;Rock;50;65;85;35;35;55;5;False;2
619;558;crustle;Bug;Rock;70;95;125;65;75;45;5;False;5
620;559;scraggy;Dark;Fighting;50;75;70;35;70;48;5;False;5
621;560;scrafty;Dark;Fighting;65;90;115;45;115;58;5;False;5
622;561;sigilyph;Psychic;Flying;72;58;80;103;80;97;5;False;2
623;562;yamask;Ghost;;38;30;85;55;65;30;5;False;5
624;563;cofagrigus;Ghost;;58;50;145;95;105;30;5;False;2
625;564;tirtouga;Water;Rock;54;78;103;53;45;22;5;False;2
626;565;carracosta;Water;Rock;74;108;133;83;65;32;5;False;1
627;566;archen;Rock;Flying;55;112;45;74;45;70;5;False;4
628;567;archeops;Rock;Flying;75;140;65;112;65;110;5;False;5
629;568;trubbish;Poison;;50;50;62;40;62;65;5;False;6
630;569;garbodor;Poison;;80;95;82;60;82;75;5;False;6
631;570;zorua;Dark;;40;65;40;80;40;65;5;False;3
632;571;zoroark;Dark;;60;105;60;120;60;105;5;False;54
633;572;minccino;Normal;;55;50;40;40;40;75;5;False;42
634;573;cinccino;Normal;;75;95;60;65;60;115;5;False;0
635;574;gothita;Psychic;;45;30;50;55;65;45;5;False;2
636;575;gothorita;Psychic;;60;45;70;75;85;55;5;False;4
637;576;gothitelle;Psychic;;70;55;95;95;110;65;5;False;4
638;577;solosis;Psychic;;45;30;40;105;50;20;5;False;65
639;578;duosion;Psychic;;65;40;50;125;60;30;5;False;3
640;579;reuniclus;Psychic;;110;65;75;125;85;30;5;False;0
641;580;ducklett;Water;Flying;62;44;50;44;50;55;5;False;8
642;581;swanna;Water;Flying;75;87;63;87;63;98;5;False;6
643;582;vanillite;Ice;;36;50;50;65;60;44;5;False;4
644;583;vanillish;Ice;;51;65;65;80;75;59;5;False;2
645;584;vanilluxe;Ice;;71;95;85;110;95;79;5;False;2
646;585;deerling;Normal;Grass;60;60;50;40;50;75;5;False;3
647;586;sawsbuck;Normal;Grass;80;100;70;60;70;95;5;False;40
648;587;emolga;Electric;Flying;55;75;60;75;60;103;5;False;14
649;588;karrablast;Bug;;50;75;45;40;45;60;5;False;45
650;589;escavalier;Bug;Steel;70;135;105;60;105;20;5;False;74
651;590;foongus;Grass;Poison;69;55;45;55;55;15;5;False;2
652;591;amoonguss;Grass;Poison;114;85;70;85;80;30;5;False;2
653;592;frillish;Water;Ghost;55;40;50;65;85;40;5;False;3
654;593;jellicent;Water;Ghost;100;60;70;85;105;60;5;False;6
655;594;alomomola;Water;;165;75;80;40;45;65;5;False;11
656;595;joltik;Bug;Electric;50;47;50;57;50;65;5;False;21
657;596;galvantula;Bug;Electric;70;77;60;97;60;108;5;False;69
658;597;ferroseed;Grass;Steel;44;50;91;24;86;10;5;False;6
659;598;ferrothorn;Grass;Steel;74;94;131;54;116;20;5;False;5
660;599;klink;Steel;;40;55;70;45;60;30;5;False;4
661;600;klang;Steel;;60;80;95;70;85;50;5;False;42
662;601;klinklang;Steel;;60;100;115;70;85;90;5;False;2
663;602;tynamo;Electric;;35;55;40;45;40;60;5;False;3
664;603;eelektrik;Electric;;65;85;70;75;70;40;5;False;5
665;604;eelektross;Electric;;85;115;80;105;80;50;5;False;65
666;605;elgyem;Psychic;;55;55;55;85;55;30;5;False;6
667;606;beheeyem;Psychic;;75;75;75;125;95;40;5;False;9
668;607;litwick;Ghost;Fire;50;30;55;65;55;20;5;False;5
669;608;lampent;Ghost;Fire;60;40;60;95;60;55;5;False;
670;609;chandelure;Ghost;Fire;60;55;90;145;90;80;5;False;1
671;610;axew;Dragon;;46;87;60;30;40;57;5;False;2
672;611;fraxure;Dragon;;66;117;70;40;50;67;5;False;2
673;612;haxorus;Dragon;;76;147;90;60;70;97;5;False;3
674;613;cubchoo;Ice;;55;70;40;60;40;40;5;False;5
675;614;beartic;Ice;;95;110;80;70;80;50;5;False;5
676;615;cryogonal;Ice;;70;50;30;95;135;105;5;False;6
677;616;shelmet;Bug;;50;40;85;40;65;25;5;False;3
678;617;accelgor;Bug;;80;70;40;100;60;145;5;False;8
679;618;stunfisk;Ground;Electric;109;66;84;81;99;32;5;False;8
680;619;mienfoo;Fighting;;45;85;50;55;50;65;5;False;4
681;620;mienshao;Fighting;;65;125;60;95;60;105;5;False;5
682;621;druddigon;Dragon;;77;120;90;60;90;48;5;False;3
683;622;golett;Ground;Ghost;59;74;50;35;50;35;5;False;56
684;623;golurk;Ground;Ghost;89;124;80;55;80;55;5;False;8
685;624;pawniard;Dark;Steel;45;85;70;40;40;60;5;False;4
686;625;bisharp;Dark;Steel;65;125;100;60;70;70;5;False;2
687;626;bouffalant;Normal;;95;110;95;40;95;55;5;False;36
688;627;rufflet;Normal;Flying;70;83;50;37;50;60;5;False;6
689;628;braviary;Normal;Flying;100;123;75;57;75;80;5;False;8
690;629;vullaby;Dark;Flying;70;55;75;45;65;60;5;False;4
691;630;mandibuzz;Dark;Flying;110;65;105;55;95;80;5;False;2
692;631;heatmor;Fire;;85;97;66;105;66;65;5;False;65
693;632;durant;Bug;Steel;58;109;112;48;48;109;5;False;56
694;633;deino;Dark;Dragon;52;65;50;45;50;38;5;False;5
695;634;zweilous;Dark;Dragon;72;85;70;65;70;58;5;False;74
696;635;hydreigon;Dark;Dragon;92;105;90;125;90;98;5;False;5
697;636;larvesta;Bug;Fire;55;85;55;50;55;60;5;False;52
698;637;volcarona;Bug;Fire;85;60;65;135;105;100;5;False;5
699;638;cobalion;Steel;Fighting;91;90;129;90;72;108;5;True;22
700;639;terrakion;Rock;Fighting;91;129;90;72;90;108;5;True;58
701;640;virizion;Grass;Fighting;91;90;72;90;129;108;5;True;5
702;641;tornadusincarnate forme;Flying;;79;115;70;125;80;111;5;True;21
703;641;tornadustherian forme;Flying;;79;100;80;110;90;121;5;True;23
704;642;thundurusincarnate forme;Electric;Flying;79;115;70;125;80;111;5;True;6
705;642;thundurustherian forme;Electric;Flying;79;105;70;145;80;101;5;True;6
706;643;reshiram;Dragon;Fire;100;120;100;150;120;90;5;True;8
707;644;zekrom;Dragon;Electric;100;150;120;120;100;90;5;True;4
708;645;landorusincarnate forme;Ground;Flying;89;125;90;115;80;101;5;True;1
709;645;landorustherian forme;Ground;Flying;89;145;90;105;80;91;5;True;2
710;646;kyurem;Dragon;Ice;125;130;90;130;90;95;5;True;3
711;646;kyuremblack kyurem;Dragon;Ice;125;170;100;120;90;95;5;True;5
712;646;kyuremwhite kyurem;Dragon;Ice;125;120;90;170;100;95;5;True;8
713;647;keldeoordinary forme;Water;Fighting;91;72;90;129;90;108;5;False;6
714;647;keldeoresolute forme;Water;Fighting;91;72;90;129;90;108;5;False;2
715;648;meloettaaria forme;Normal;Psychic;100;77;77;128;128;90;5;False;6
716;648;meloettapirouette forme;Normal;Fighting;100;128;90;77;77;128;5;False;7
717;649;genesect;Bug;Steel;71;120;95;120;95;99;5;False;1
718;650;chespin;Grass;;56;61;65;48;45;38;6;False;1
719;651;quilladin;Grass;;61;78;95;56;58;57;6;False;6
720;652;chesnaught;Grass;Fighting;88;107;122;74;75;64;6;False;6
721;653;fennekin;Fire;;40;45;40;62;60;60;6;False;5
722;654;braixen;Fire;;59;59;58;90;70;73;6;False;9
723;655;delphox;Fire;Psychic;75;69;72;114;100;104;6;False;9
724;656;froakie;Water;;41;56;40;62;44;71;6;False;7
725;657;frogadier;Water;;54;63;52;83;56;97;6;False;4
726;658;greninja;Water;Dark;72;95;67;103;71;122;6;False;2
727;659;bunnelby;Normal;;38;36;38;32;36;57;6;False;0
728;660;diggersby;Normal;Ground;85;56;77;50;77;78;6;False;4
729;661;fletchling;Normal;Flying;45;50;43;40;38;62;6;False;4
730;662;fletchinder;Fire;Flying;62;73;55;56;52;84;6;False;5
731;663;talonflame;Fire;Flying;78;81;71;74;69;126;6;False;7
732;664;scatterbug;Bug;;38;35;40;27;25;35;6;False;5
733;665;spewpa;Bug;;45;22;60;27;30;29;6;False;4
734;666;vivillon;Bug;Flying;80;52;50;90;50;89;6;False;12
735;667;litleo;Fire;Normal;62;50;58;73;54;72;6;False;23
736;668;pyroar;Fire;Normal;86;68;72;109;66;106;6;False;1
737;669;flabébé;Fairy;;44;38;39;61;79;42;6;False;4
738;670;floette;Fairy;;54;45;47;75;98;52;6;False;24
739;671;florges;Fairy;;78;65;68;112;154;75;6;False;5
740;672;skiddo;Grass;;66;65;48;62;57;52;6;False;5
741;673;gogoat;Grass;;123;100;62;97;81;68;6;False;2
742;674;pancham;Fighting;;67;82;62;46;48;43;6;False;4
743;675;pangoro;Fighting;Dark;95;124;78;69;71;58;6;False;0
744;676;furfrou;Normal;;75;80;60;65;90;102;6;False;5
745;677;espurr;Psychic;;62;48;54;63;60;68;6;False;2
746;678;meowsticmale;Psychic;;74;48;76;83;81;104;6;False;1
747;678;meowsticfemale;Psychic;;74;48;76;83;81;104;6;False;1
748;679;honedge;Steel;Ghost;45;80;100;35;37;28;6;False;5
749;680;doublade;Steel;Ghost;59;110;150;45;49;35;6;False;7
750;681;aegislashblade forme;Steel;Ghost;60;150;50;150;50;60;6;False;2
751;681;aegislashshield forme;Steel;Ghost;60;50;150;50;150;60;6;False;25
752;682;spritzee;Fairy;;78;52;60;63;65;23;6;False;13
753;683;aromatisse;Fairy;;101;72;72;99;89;29;6;False;0
754;684;swirlix;Fairy;;62;48;66;59;57;49;6;False;8
755;685;slurpuff;Fairy;;82;80;86;85;75;72;6;False;3
756;686;inkay;Dark;Psychic;53;54;53;37;46;45;6;False;4
757;687;malamar;Dark;Psychic;86;92;88;68;75;73;6;False;3
758;688;binacle;Rock;Water;42;52;67;39;56;50;6;False;6
759;689;barbaracle;Rock;Water;72;105;115;54;86;68;6;False;8
760;690;skrelp;Poison;Water;50;60;60;60;60;30;6;False;5
761;691;dragalge;Poison;Dragon;65;75;90;97;123;44;6;False;2
762;692;clauncher;Water;;50;53;62;58;63;44;6;False;4
763;693;clawitzer;Water;;71;73;88;120;89;59;6;False;0
764;694;helioptile;Electric;Normal;44;38;33;61;43;70;6;False;2
765;695;heliolisk;Electric;Normal;62;55;52;109;94;109;6;False;5
766;696;tyrunt;Rock;Dragon;58;89;77;45;45;48;6;False;5
767;697;tyrantrum;Rock;Dragon;82;121;119;69;59;71;6;False;5
768;698;amaura;Rock;Ice;77;59;50;67;63;46;6;False;2
769;699;aurorus;Rock;Ice;123;77;72;99;92;58;6;False;5
770;700;sylveon;Fairy;;95;65;65;110;130;60;6;False;2
771;701;hawlucha;Fighting;Flying;78;92;75;74;63;118;6;False;2
772;702;dedenne;Electric;Fairy;67;58;57;81;67;101;6;False;1
773;703;carbink;Rock;Fairy;50;50;150;50;150;50;6;False;4
774;704;goomy;Dragon;;45;50;35;55;75;40;6;False;5
775;705;sliggoo;Dragon;;68;75;53;83;113;60;6;False;6
776;706;goodra;Dragon;;90;100;70;110;150;80;6;False;6
777;707;klefki;Steel;Fairy;57;80;91;80;87;75;6;False;3
778;708;phantump;Ghost;Grass;43;70;48;50;60;38;6;False;54
779;709;trevenant;Ghost;Grass;85;110;76;65;82;56;6;False;42
780;710;pumpkabooaverage size;Ghost;Grass;49;66;70;44;55;51;6;False;0
781;710;pumpkaboosmall size;Ghost;Grass;44;66;70;44;55;56;6;False;2
782;710;pumpkaboolarge size;Ghost;Grass;54;66;70;44;55;46;6;False;4
783;710;pumpkaboosuper size;Ghost;Grass;59;66;70;44;55;41;6;False;4
784;711;gourgeistaverage size;Ghost;Grass;65;90;122;58;75;84;6;False;65
785;711;gourgeistsmall size;Ghost;Grass;55;85;122;58;75;99;6;False;3
786;711;gourgeistlarge size;Ghost;Grass;75;95;122;58;75;69;6;False;0
787;711;gourgeistsuper size;Ghost;Grass;85;100;122;58;75;54;6;False;8
788;712;bergmite;Ice;;55;69;85;32;35;28;6;False;6
789;713;avalugg;Ice;;95;117;184;44;46;28;6;False;4
790;714;noibat;Flying;Dragon;40;30;35;45;40;55;6;False;2
791;715;noivern;Flying;Dragon;85;70;80;97;80;123;6;False;2
792;716;xerneas;Fairy;;126;131;95;131;98;99;6;True;3
793;717;yveltal;Dark;Flying;126;131;95;131;98;99;6;True;40
794;718;zygarde50% forme;Dragon;Ground;108;100;121;81;95;95;6;True;14
795;719;diancie;Rock;Fairy;50;100;150;100;150;50;6;True;45
796;719;dianciemega diancie;Rock;Fairy;50;160;110;160;110;110;6;True;74
797;720;hoopahoopa confined;Psychic;Ghost;80;110;60;150;130;70;6;True;2
798;720;hoopahoopa unbound;Psychic;Dark;80;160;60;170;130;80;6;True;2
799;721;volcanion;Fire;Water;80;110;120;130;90;70;6;True;3